﻿{"cameraMode":{"drawMode":0,"name":"Shaded","section":"Shading Mode"},"sceneLighting":true,"audioPlay":false,"sceneViewState":{"showFog":true,"showMaterialUpdate":false,"showSkybox":true,"showFlares":true,"showImageEffects":true,"showParticleSystems":true},"in2DMode":false,"pivot":{"x":1.5448999404907227,"y":-0.12999999523162843,"z":-0.20000004768371583},"rotation":{"x":-0.08871074765920639,"y":-0.509844183921814,"z":0.05295825004577637,"w":-0.854040265083313},"size":8.89890193939209,"orthographic":false}